{"schemaVersion":"1.0","appDefinitionTemplate":{"id":"/providers/Microsoft.PowerApps/apps/","type":"Microsoft.PowerApps/apps","tags":{"primaryDeviceWidth":"1366","primaryDeviceHeight":"768","sienaVersion":"20230531T104954Z-3.23052.29.0","deviceCapabilities":"","supportsPortrait":"true","supportsLandscape":"true","primaryFormFactor":"Tablet","publisherVersion":"3.23052.29","minimumRequiredApiVersion":"2.2.0","hasComponent":"true","hasUnlockedComponent":"true","isUnifiedRootApp":"false"},"properties":{"appVersion":"2023-05-31T10:49:54Z","lifeCycleId":"Published","createdByClientVersion":{"major":3,"minor":23052,"build":29,"revision":0,"majorRevision":0,"minorRevision":0},"minClientVersion":{"major":3,"minor":23052,"build":29,"revision":0,"majorRevision":0,"minorRevision":0},"backgroundColor":"rgba(50, 86, 160, 1)","backgroundImageUri":"/8741092307875445472/Nf1a4dc4b-e97a-419c-83c9-e50f30c753a4-logoSmallFile","displayName":"Overtime SQL PRDnew","description":"","commitMessage":"","appUris":{"documentUri":{"value":"/8741092307875445472/Ndeed705c-708b-4adf-83b8-39534c22049d-document.msapp"},"imageUris":[],"additionalUris":[]},"createdTime":"0001-01-01T00:00:00Z","lastModifiedTime":"0001-01-01T00:00:00Z","sharedGroupsCount":0,"sharedUsersCount":0,"connectionReferences":{"a1652c97-37a1-44af-a76b-a2748bd528a8":{"id":"0c829b59-7fe0-4ff1-bc3c-00dc21eb767f","displayName":"Office 365 Users","iconUri":"https://connectoricons-prod.azureedge.net/releases/v1.0.1626/1.0.1626.3238/office365users/icon.png","dataSources":["Office365Users"],"dependencies":[],"dependents":[],"parameterHints":{},"parameterHintsV2":{},"isOnPremiseConnection":false,"bypassConsent":false,"dataSets":{},"apiTier":"Standard","isCustomApiConnection":false,"actions":["SearchUser","UserPhotoMetadata","UserPhotoV2","Manager"]},"861ceeec-8256-470b-9004-e3f6afc2c22a":{"id":"0d7080a2-2873-42f4-ac20-b3d1f7ee07a1","displayName":"SharePoint","iconUri":"https://connectoricons-prod.azureedge.net/releases/v1.0.1636/1.0.1636.3297/sharepointonline/icon.png","dataSources":["Workflow Approval Matrix","Types of Declaration Council Approver(s)","Documents"],"dependencies":[],"dependents":[],"parameterHints":{},"parameterHintsV2":{},"isOnPremiseConnection":false,"bypassConsent":false,"dataSets":{"https://musictribe.sharepoint.com/sites/ApprovalRequests":{"dataSources":{"Workflow Approval Matrix":{"tableName":"11c2c101-381b-4834-9451-5102eb10a75b"},"Types of Declaration Council Approver(s)":{"tableName":"2c4fee6a-e058-4836-8571-f8b70cc77b39"},"Documents":{"tableName":"628cd74f-ab11-4063-ad7c-ea13b73c3392"}}}},"apiTier":"Standard","isCustomApiConnection":false,"actions":["providers/PowerPlatform.Governance/Operations/Read"]}},"databaseReferences":{},"almMode":"Environment","performanceOptimizationEnabled":true,"canConsumeAppPass":true,"enableModernRuntimeMode":false,"executionRestrictions":{"isTeamsOnly":false,"dataLossPreventionEvaluationResult":{"status":"Compliant","lastEvaluationDate":"2023-05-31T10:40:09.7300835Z","violations":[],"violationsByPolicy":[],"violationErrorMessage":"The app uses the following connectors: shared_office365users, shared_office365, shared_sharepointonline, shared_sql, shared_logicflows, shared_excelonlinebusiness."},"httpActionRestriction":{"appUsesSharepointHttpAction":false,"enforcementStrategy":"Legacy","evaluationTime":"2023-05-31T10:40:09.7297707Z"}}},"appType":"ClassicCanvasApp","appComponents":[]}}